[
  {
    "id": 1,
    "title": "To Kill a Mockingbird",
    "author": "Harper Lee",
    "description": "A gripping tale of racial injustice and childhood innocence in the American South during the 1930s. Through the eyes of young Scout Finch, we witness her father Atticus defend a black man falsely accused of rape, exploring themes of morality, justice, and human dignity.",
    "tags": ["Classic", "Fiction", "Legal Drama", "Coming of Age"],
    "publishedYear": 1960
  },
  {
    "id": 2,
    "title": "1984",
    "author": "George Orwell",
    "description": "A dystopian social science fiction novel and cautionary tale about totalitarianism. Set in Airstrip One (formerly Great Britain), the story follows Winston Smith as he struggles against the oppressive regime of Big Brother, exploring themes of surveillance, propaganda, and the manipulation of truth.",
    "tags": ["Dystopian", "Science Fiction", "Political", "Classic"],
    "publishedYear": 1949
  },
  {
    "id": 3,
    "title": "The Great Gatsby",
    "author": "F. Scott Fitzgerald",
    "description": "A novel about the American Dream, wealth, and lost love in the Jazz Age. The mysterious millionaire Jay Gatsby throws lavish parties in pursuit of his lost love Daisy Buchanan, revealing the hollowness of the upper class and the corruption of the American Dream.",
    "tags": ["Classic", "Romance", "American Literature", "Tragedy"],
    "publishedYear": 1925
  },
  {
    "id": 4,
    "title": "Pride and Prejudice",
    "author": "Jane Austen",
    "description": "A romantic novel of manners that follows the character development of Elizabeth Bennet, the protagonist of the book, who learns about the repercussions of hasty judgments and comes to appreciate the difference between superficial goodness and actual goodness.",
    "tags": ["Classic", "Romance", "British Literature", "Comedy of Manners"],
    "publishedYear": 1813
  },
  {
    "id": 5,
    "title": "The Catcher in the Rye",
    "author": "J.D. Salinger",
    "description": "The story of Holden Caulfield, a teenager from New York City, who is expelled from his prep school and then takes a journey through America's largest city. A controversial novel that explores themes of teenage rebellion, alienation, and the loss of innocence.",
    "tags": ["Classic", "Coming of Age", "Fiction", "American Literature"],
    "publishedYear": 1951
  },
  {
    "id": 6,
    "title": "Harry Potter and the Philosopher's Stone",
    "author": "J.K. Rowling",
    "description": "The first novel in the Harry Potter series follows young Harry Potter as he discovers his magical heritage on his eleventh birthday. He attends Hogwarts School of Witchcraft and Wizardry, makes close friends and a few enemies, and begins his quest to confront the dark wizard who killed his parents.",
    "tags": ["Fantasy", "Young Adult", "Adventure", "Magic"],
    "publishedYear": 1997
  },
  {
    "id": 7,
    "title": "The Hobbit",
    "author": "J.R.R. Tolkien",
    "description": "A fantasy novel that follows the quest of home-loving hobbit Bilbo Baggins to win a share of the treasure guarded by a dragon named Smaug. Bilbo's journey takes him from his peaceful home to wild and dangerous lands, where he gains not only treasure but also wisdom and courage.",
    "tags": ["Fantasy", "Adventure", "Classic", "Epic"],
    "publishedYear": 1937
  },
  {
    "id": 8,
    "title": "The Lord of the Rings: The Fellowship of the Ring",
    "author": "J.R.R. Tolkien",
    "description": "The first volume of the epic high-fantasy novel follows hobbit Frodo Baggins as he and the Fellowship embark on a quest to destroy the One Ring and ensure the destruction of its maker, the Dark Lord Sauron. A tale of friendship, courage, and the struggle between good and evil.",
    "tags": ["Fantasy", "Epic", "Adventure", "Classic"],
    "publishedYear": 1954
  },
  {
    "id": 9,
    "title": "Brave New World",
    "author": "Aldous Huxley",
    "description": "A dystopian novel set in a futuristic World State, where citizens are environmentally engineered into an intelligence-based social hierarchy. The novel explores themes of technological advancement, psychological manipulation, and the loss of individuality in a seemingly perfect society.",
    "tags": ["Dystopian", "Science Fiction", "Classic", "Philosophy"],
    "publishedYear": 1932
  },
  {
    "id": 10,
    "title": "The Chronicles of Narnia: The Lion, the Witch and the Wardrobe",
    "author": "C.S. Lewis",
    "description": "Four children discover a magical wardrobe that leads to the land of Narnia, a realm frozen in eternal winter by the evil White Witch. With the help of the great lion Aslan, they embark on an adventure to free Narnia from the witch's spell.",
    "tags": [
      "Fantasy",
      "Children's Literature",
      "Adventure",
      "Christian Allegory"
    ],
    "publishedYear": 1950
  },
  {
    "id": 11,
    "title": "Moby-Dick",
    "author": "Herman Melville",
    "description": "The narrative of Captain Ahab's obsessive quest to seek revenge on Moby Dick, the giant white sperm whale that destroyed his ship and severed his leg. A complex work exploring themes of obsession, fate, and the nature of evil.",
    "tags": ["Classic", "Adventure", "American Literature", "Epic"],
    "publishedYear": 1851
  },
  {
    "id": 12,
    "title": "The Alchemist",
    "author": "Paulo Coelho",
    "description": "A philosophical novel about Santiago, an Andalusian shepherd boy who yearns to travel in search of a worldly treasure. His journey teaches him about the essential wisdom of listening to our hearts and following our dreams.",
    "tags": ["Fiction", "Philosophy", "Adventure", "Inspirational"],
    "publishedYear": 1988
  },
  {
    "id": 13,
    "title": "Fahrenheit 451",
    "author": "Ray Bradbury",
    "description": "A dystopian novel set in a future American society where books are outlawed and 'firemen' burn any that are found. The story follows Guy Montag, a fireman who begins to question his role in society and the value of the written word.",
    "tags": ["Dystopian", "Science Fiction", "Classic", "Censorship"],
    "publishedYear": 1953
  },
  {
    "id": 14,
    "title": "Jane Eyre",
    "author": "Charlotte Brontë",
    "description": "A coming-of-age novel that follows the experiences of its eponymous heroine, including her growth to adulthood and her love for Mr. Rochester. The novel explores themes of class, sexuality, religion, and feminism.",
    "tags": ["Classic", "Romance", "Gothic", "British Literature"],
    "publishedYear": 1847
  },
  {
    "id": 15,
    "title": "The Picture of Dorian Gray",
    "author": "Oscar Wilde",
    "description": "A philosophical novel about a young man named Dorian Gray who sells his soul for eternal youth and beauty. As he descends into a life of debauchery, his portrait ages and reflects his moral corruption while he remains young and beautiful.",
    "tags": ["Classic", "Gothic", "Philosophy", "Horror"],
    "publishedYear": 1890
  }
]
